"1","2","3","4","5","6","7","8","9","10","11","12","13","14","15","16","17","18","19","20","21","22","23","24","25","26","27","28","29","30","31","32","33","34","35","36","37","38","39","40","41","42","43","44","45","46","47","48","49","50","51","52","53","54","55","56","57","58","59","60","61","62","63","64","65","66","67","68","69","70","71","72","73","74","75","76","77","78","79","80","81","82","83","84","85","86","87","88","89","90","91","92","93","94","95","96","97","98","99","100","101","102","103","104","105","106","107","108","109","110","111","112","113","114","115","116","117","118","119","120","121","122","123","124","125","126","127","128","129","130","131","132","133","134","135","136","137","138","139","140","141","142","143","144","145","146","147","148","149","150","151","152","153","154","155","156","157","158","159","160","161","162","163","164","165","166","167","168","169","170","171","172","173","174","175","176","177","178","179","180","181","182","183","184","185","186","187","188","189","190","191","192","193","194","195","196","197","198","199","200","201","202","203","204","205","206","207","208","209","210","211","212","213","214","215","216","217","218","219","220","221","222","223","224","225","226","227","228","229","230","231","232","233","234","235","236","237","238","239","240","241","242","243","244","245","246","247","248","249","250","251","252","253","254","255","256","257","258","259","260","261","262","263","264","265","266","267","268","269","270","271","272","273","274","275","276","277","278","279","280","281","282","283","284","285","286","287","288","289","290","291","292","293","294","295","296","297","298","299","300","301","302","303","304","305","306","307","308","309","310","311","312","313","314","315","316","317","318","319","320","321","322","323","324","325","326","327","328","329","330","331","332","333","334","335","336","337","338","339","340","341","342","343","344","345","346","347","348","349","350","351","352","353","354","355","356","357","358","359","360","361","362","363","364","365","366","367","368","369","370","371","372","373","374","375","376","377","378","379","380","381","382","383","384","385","386","387","388","389","390","391","392","393","394","395","396","397","398","399","400","401","402","403","404","405","406","407","408","409","410","411","412","413","414","415","416","417","418","419","420","421","422","423","424","425","426","427","428","429","430","431","432","433","434","435","436","437","438","439","440","441","442","443","444","445","446","447","448","449","450","451","452","453","454","455","456","457","458","459","460","461","462","463","464","465","466","467","468","469","470","471","472","473","474","475","476","477","478","479","480","481","482","483","484","485","486","487","488","489","490","491","492","493","494","495","496","497","498","499","500","501","502","503","504","505","506","507","508","509","510","511","512","513","514","515","516","517","518","519","520","521","522","523","524","525","526","527","528","529","530","531","532","533","534","535","536","537","538","539","540","541","542","543","544","545","546","547","548","549","550","551","552","553","554","555","556","557","558","559","560","561","562","563","564","565","566","567","568","569","570","571","572","573","574","575","576","577","578","579","580","581","582","583","584","585","586","587","588","589","590","591","592","593","594","595","596","597","598","599","600","601","602","603","604","605","606","607","608","609","610","611","612","613","614","615","616","617","618","619","620","621","622","623","624","625","626","627","628","629","630","631","632","633","634","635","636","637","638","639","640","641","642","643","644","645","646","647","648","649","650","651","652","653","654","655","656","657","658","659","660","661","662","663","664","665","666","667","668","669","670","671","672","673","674","675","676","677","678","679","680","681","682","683","684","685","686","687","688","689","690","691","692","693","694","695","696","697","698","699","700","701","702","703","704","705","706","707","708","709","710","711","712","713","714","715","716","717","718","719","720","721","722","723","724","725","726","727","728","729","730","731","732","733","734","735","736","737","738","739","740","741","742","743","744","745","746","747","748","749","750","751","752","753","754","755","756","757","758","759","760","761","762","763","764","765","766","767","768","769","770","771","772","773","774","775","776","777","778","779","780","781","782","783","784","785","786","787","788","789","790","791","792","793","794","795","796","797","798","799","800","801","802","803","804","805","806","807","808","809","810","811","812","813","814","815","816","817","818","819","820","821","822","823","824","825","826","827","828","829","830","831","832","833","834","835","836","837","838","839","840","841","842","843","844","845","846","847","848","849","850","851","852","853","854","855","856","857","858","859","860","861","862","863","864","865","866","867","868","869","870","871","872","873","874","875","876","877","878","879","880","881","882","883","884","885","886","887","888","889","890","891","892","893","894","895","896","897","898","899","900","901","902","903","904","905","906","907","908","909","910","911","912","913","914","915","916","917","918","919","920","921","922","923","924","925","926","927","928","929","930","931","932","933","934","935","936","937","938","939","940","941","942","943","944","945","946","947","948","949","950","951","952","953","954","955","956","957","958","959","960","961","962","963","964","965","966","967","968","969","970","971","972","973","974","975","976","977","978","979","980","981","982","983","984","985","986","987","988","989","990","991","992","993","994","995","996","997","998","999","1000","run","k"
10,11,13,23,72,89,164,198,417,932,1067,1598,1523,1190,625,310,143,62,78,65,77,187,365,589,943,1385,1432,1376,861,428,268,137,101,69,105,288,490,808,1290,1501,1422,1061,626,335,146,114,121,76,162,254,376,733,1082,1491,1436,1141,756,339,180,128,91,84,139,215,282,509,1031,1310,1516,1241,919,430,313,185,93,56,66,133,242,401,607,990,1667,1598,1146,749,367,195,78,98,57,90,90,174,402,615,896,1237,1735,1419,884,429,190,119,97,65,47,88,160,219,478,524,925,1287,1551,1170,757,477,267,182,133,131,177,270,413,713,1053,1346,1369,1128,702,554,251,112,76,41,45,44,48,36,53,133,314,791,1277,1650,1567,1209,713,365,161,52,24,23,26,35,21,97,213,456,674,1149,1548,1614,1186,710,380,131,32,13,10,42,109,132,254,511,1129,1661,1790,1333,684,381,125,61,34,25,45,102,144,222,407,657,1366,1691,1579,1140,533,283,150,32,22,15,38,88,280,553,868,1384,1739,1501,838,426,201,134,120,134,97,163,347,396,702,1060,1357,1357,1133,687,445,253,144,109,61,55,38,124,242,543,1161,1474,1844,1363,639,337,157,79,49,21,37,62,233,347,584,876,1187,1355,1252,1028,683,334,186,147,75,134,127,116,194,294,341,710,1263,1448,1542,1060,631,334,163,79,80,131,236,340,593,980,1201,1321,1250,967,590,308,133,72,52,102,63,89,123,209,307,446,742,1146,1554,1522,951,586,277,153,77,48,31,24,33,13,6,1,27,84,261,584,1075,1617,1880,1533,666,294,113,88,60,32,13,16,33,68,85,220,419,639,945,1447,1743,1410,838,331,171,85,51,30,54,95,143,321,581,765,1196,1427,1326,1076,606,338,232,166,94,74,69,97,210,404,777,1075,1319,1523,1242,662,427,185,100,77,44,28,25,62,289,385,537,919,1334,1474,1352,888,494,274,197,155,73,65,88,232,326,481,933,1375,1643,1467,818,430,204,85,30,30,10,18,30,98,222,496,1008,1473,1684,1405,915,495,202,142,94,65,38,64,80,153,257,516,936,1651,1591,1304,829,417,195,126,64,25,29,9,20,24,47,77,182,284,635,1168,1584,1688,1402,689,273,124,30,6,3,1,0,0,0,0,0,0,0,0,0,0,0,0,0,0,0,0,0,0,0,0,0,0,0,0,0,0,0,0,0,0,0,0,0,0,0,0,0,0,0,0,0,0,0,0,0,0,0,0,0,0,0,0,0,0,0,0,0,0,0,0,0,0,0,0,0,0,0,0,0,0,0,0,0,0,0,0,0,0,0,0,0,0,0,0,0,0,0,0,0,0,0,0,0,0,0,0,0,0,0,0,0,0,0,0,0,0,0,0,0,0,0,0,0,0,0,0,0,0,0,0,0,0,0,0,0,0,0,0,0,0,0,0,0,0,0,0,0,0,0,0,0,0,0,0,0,0,0,0,0,0,0,0,0,0,0,0,0,0,0,0,0,0,0,0,0,0,0,0,0,0,0,0,0,0,0,0,0,0,0,0,0,0,0,0,0,0,0,0,0,0,0,0,0,0,0,0,0,0,0,0,0,0,0,0,0,0,0,0,0,0,0,0,0,0,0,0,0,0,0,0,0,0,0,0,0,0,0,0,0,0,0,0,0,0,0,0,0,0,0,0,0,0,0,0,0,0,0,0,0,0,0,0,0,0,0,0,0,0,0,0,0,0,0,0,0,0,0,0,0,0,0,0,0,0,0,0,0,0,0,0,0,0,0,0,0,0,0,0,0,0,0,0,0,0,0,0,0,0,0,0,0,0,0,0,0,0,0,0,0,0,0,0,0,0,0,0,0,0,0,0,0,0,0,0,0,0,0,0,0,0,0,0,0,0,0,0,0,0,0,0,0,0,0,0,0,0,0,0,0,0,0,0,0,0,0,0,0,0,0,0,0,0,0,0,0,0,0,0,0,0,0,0,0,0,0,0,0,0,0,0,0,0,0,0,0,0,0,0,0,0,0,0,0,0,0,0,0,0,0,0,0,0,0,0,0,0,0,0,0,0,0,0,0,0,0,0,0,0,0,0,0,0,0,0,0,0,0,0,0,0,0,0,0,0,0,0,0,0,0,0,0,0,0,0,0,0,0,0,0,0,0,0,0,0,0,0,0,0,0,0,0,0,0,0,0,0,0,0,0,0,0,0,0,0,0,0,0,0,0,0,0,0,0,0,0,0,0,0,0,0,0,0,0,0,0,0,0,0,0,0,0,0,0,0,0,0,0,0,0,0,0,0,0,0,0,0,0,0,0,0,0,0,0,0,0,0,0,0,0,0,0,0,0,0,0,0,0,0,0,0,1,0.1
10,2,0,0,0,0,0,0,0,10,19,40,99,263,395,497,865,1240,1380,1264,860,504,332,180,114,70,77,143,148,259,490,692,838,1044,1240,1182,889,514,301,187,139,79,89,112,191,302,450,961,1385,1657,1265,773,463,288,135,74,56,61,55,172,312,487,751,1109,1168,1402,1083,613,321,168,165,121,228,236,397,552,781,874,1082,1041,905,673,391,228,236,296,277,295,376,607,948,910,926,789,654,588,461,440,288,344,491,536,535,664,734,605,849,807,599,536,457,489,385,471,415,429,521,616,658,708,941,769,770,786,550,443,296,207,250,199,206,269,430,625,836,944,1091,1011,924,555,394,344,397,301,259,294,270,355,415,549,683,911,1117,1155,913,697,473,304,293,187,155,165,205,307,392,648,925,1313,1347,1041,694,418,253,173,119,109,90,83,155,182,212,285,357,567,1007,1313,1358,1069,598,456,303,194,136,112,74,76,144,147,118,181,262,437,657,951,1391,1462,1139,622,302,213,137,102,100,104,140,358,482,704,1236,1433,1406,1088,568,234,136,81,27,22,12,9,20,65,137,432,975,1799,1793,1394,782,296,192,60,59,22,43,53,75,105,140,229,432,591,784,1093,1367,1394,1072,574,236,103,75,42,84,143,222,458,734,1152,1549,1342,1007,620,275,159,69,28,37,50,133,260,396,620,868,1163,1438,1236,753,496,321,186,123,79,111,108,203,255,534,1000,1338,1503,1252,822,365,262,95,96,102,96,150,227,427,586,989,1067,1214,1109,958,618,346,245,201,141,108,95,101,129,201,390,549,897,1062,1376,1364,887,549,307,224,150,105,118,116,218,240,389,528,795,1172,1419,1212,822,624,312,214,154,81,111,133,300,470,634,856,1261,1386,1167,885,469,206,125,87,86,77,125,208,381,707,1091,1302,1230,1132,709,412,255,171,87,81,86,117,168,357,534,817,1084,1538,1372,1032,573,293,164,132,66,54,30,76,134,317,546,775,1252,1391,1317,800,476,255,168,135,87,104,162,258,478,692,1186,1564,1240,840,552,417,144,122,96,38,51,67,109,144,293,661,1005,1525,1314,1196,716,382,249,153,77,119,121,169,254,562,629,1028,1176,1216,1012,717,457,323,167,186,219,224,263,457,739,1155,1356,1359,1026,582,337,158,109,93,61,104,89,87,212,413,654,1041,1419,1580,1048,616,333,153,138,85,55,68,72,164,404,645,1035,1286,1254,1083,692,561,388,181,179,85,96,146,122,241,325,467,621,750,1089,1459,1177,684,443,270,210,136,149,157,343,505,722,1046,1405,1540,870,426,296,202,178,146,72,157,192,356,539,864,1229,1237,1222,947,678,454,197,180,66,54,56,80,124,111,211,315,602,1081,1400,1444,1175,776,441,205,145,91,76,196,186,271,440,783,1070,1227,1233,1098,629,339,212,178,177,128,84,163,273,598,809,1147,1334,1214,977,708,406,233,112,90,69,86,102,166,298,525,705,1130,1391,1475,1089,585,264,107,82,61,77,80,91,119,257,536,993,1359,1588,1373,837,411,156,105,71,54,47,29,36,154,148,270,589,864,1197,1288,1285,950,669,410,165,86,109,80,120,148,208,301,618,821,1044,1274,1258,922,543,324,237,145,128,157,129,122,143,267,312,540,959,1407,1444,1164,793,476,213,105,67,49,58,146,316,543,904,1478,1707,1467,822,322,91,52,11,4,7,10,14,22,16,57,58,67,36,52,135,290,431,844,1496,1577,1281,893,410,299,156,98,99,142,157,138,223,523,942,1416,1508,1289,909,481,186,78,64,34,9,5,49,60,171,261,394,443,885,1377,1416,1227,781,464,289,251,156,84,131,115,343,410,604,947,1228,1509,1293,830,417,203,148,82,65,69,115,179,233,441,691,937,1467,1630,1142,652,321,175,82,50,32,17,7,13,74,188,316,608,878,1203,1656,1383,998,450,209,79,34,10,0,0,0,0,0,0,0,0,0,0,0,0,0,0,0,0,0,0,0,0,0,0,0,0,0,0,0,0,0,0,0,0,0,0,0,0,0,0,0,0,0,0,0,0,0,0,0,0,0,0,0,0,0,0,0,0,0,0,0,0,0,0,0,0,0,0,0,0,0,0,0,0,0,0,0,0,0,0,0,0,0,0,0,0,0,0,0,0,0,0,0,0,0,0,0,0,0,0,0,0,0,0,0,0,0,0,0,0,0,0,0,0,0,0,0,0,0,0,0,0,0,0,0,0,0,0,0,0,0,0,0,0,0,0,0,0,0,0,0,0,0,0,0,0,0,0,0,0,0,0,0,0,0,0,0,0,0,0,0,0,0,0,0,0,0,0,0,0,0,0,0,0,0,0,0,0,0,0,0,0,0,0,0,0,0,0,0,0,0,0,0,0,0,0,0,0,0,0,0,0,0,2,0.1
10,16,19,81,181,551,938,1389,1714,1366,939,477,203,173,76,65,36,51,53,160,196,604,1102,1384,1669,1430,888,486,232,125,50,27,21,3,0,0,0,0,0,10,42,149,353,519,846,1144,1543,1371,1113,658,272,178,91,79,51,86,128,169,246,527,893,1421,1630,1189,821,496,329,174,131,113,120,89,66,174,192,306,526,999,1403,1576,1279,966,454,232,100,51,20,44,145,174,374,669,990,1451,1612,1298,787,384,230,132,76,83,85,123,155,270,705,1104,1405,1731,1181,751,403,212,152,62,83,73,114,307,540,994,1271,1563,1492,985,569,262,130,44,9,23,28,35,131,183,393,477,758,1041,1261,1358,1159,762,381,296,226,129,104,170,203,165,320,464,789,1290,1629,1442,1090,588,261,134,84,55,80,62,142,159,235,417,997,1551,1828,1211,728,435,201,125,124,101,84,199,340,566,979,1308,1391,1381,800,506,259,182,129,79,105,115,159,249,507,780,1136,1487,1459,991,635,356,210,157,115,66,20,26,10,4,0,0,0,0,0,0,0,0,0,0,0,0,0,0,0,0,0,0,0,0,0,0,0,0,0,0,0,0,0,0,0,0,0,0,0,0,0,0,0,0,0,0,0,0,0,0,0,0,0,0,0,0,0,0,0,0,0,0,0,0,0,0,0,0,0,0,0,0,0,0,0,0,0,0,0,0,0,0,0,0,0,0,0,0,0,0,0,0,0,0,0,0,0,0,0,0,0,0,0,0,0,0,0,0,0,0,0,0,0,0,0,0,0,0,0,0,0,0,0,0,0,0,0,0,0,0,0,0,0,0,0,0,0,0,0,0,0,0,0,0,0,0,0,0,0,0,0,0,0,0,0,0,0,0,0,0,0,0,0,0,0,0,0,0,0,0,0,0,0,0,0,0,0,0,0,0,0,0,0,0,0,0,0,0,0,0,0,0,0,0,0,0,0,0,0,0,0,0,0,0,0,0,0,0,0,0,0,0,0,0,0,0,0,0,0,0,0,0,0,0,0,0,0,0,0,0,0,0,0,0,0,0,0,0,0,0,0,0,0,0,0,0,0,0,0,0,0,0,0,0,0,0,0,0,0,0,0,0,0,0,0,0,0,0,0,0,0,0,0,0,0,0,0,0,0,0,0,0,0,0,0,0,0,0,0,0,0,0,0,0,0,0,0,0,0,0,0,0,0,0,0,0,0,0,0,0,0,0,0,0,0,0,0,0,0,0,0,0,0,0,0,0,0,0,0,0,0,0,0,0,0,0,0,0,0,0,0,0,0,0,0,0,0,0,0,0,0,0,0,0,0,0,0,0,0,0,0,0,0,0,0,0,0,0,0,0,0,0,0,0,0,0,0,0,0,0,0,0,0,0,0,0,0,0,0,0,0,0,0,0,0,0,0,0,0,0,0,0,0,0,0,0,0,0,0,0,0,0,0,0,0,0,0,0,0,0,0,0,0,0,0,0,0,0,0,0,0,0,0,0,0,0,0,0,0,0,0,0,0,0,0,0,0,0,0,0,0,0,0,0,0,0,0,0,0,0,0,0,0,0,0,0,0,0,0,0,0,0,0,0,0,0,0,0,0,0,0,0,0,0,0,0,0,0,0,0,0,0,0,0,0,0,0,0,0,0,0,0,0,0,0,0,0,0,0,0,0,0,0,0,0,0,0,0,0,0,0,0,0,0,0,0,0,0,0,0,0,0,0,0,0,0,0,0,0,0,0,0,0,0,0,0,0,0,0,0,0,0,0,0,0,0,0,0,0,0,0,0,0,0,0,0,0,0,0,0,0,0,0,0,0,0,0,0,0,0,0,0,0,0,0,0,0,0,0,0,0,0,0,0,0,0,0,0,0,0,0,0,0,0,0,0,0,0,0,0,0,0,0,0,0,0,0,0,0,0,0,0,0,0,0,0,0,0,0,0,0,0,0,0,0,0,0,0,0,0,0,0,0,0,0,0,0,0,0,0,0,0,0,0,0,0,0,0,0,0,0,0,0,0,0,0,0,0,0,0,0,0,0,0,0,0,0,0,0,0,0,0,0,0,0,0,0,0,0,0,0,0,0,0,0,0,0,0,0,0,0,0,0,0,0,0,0,0,0,0,0,0,0,0,0,0,0,0,0,0,0,0,0,0,0,0,0,0,0,0,0,0,0,0,0,0,0,0,0,0,0,0,0,0,0,0,0,0,0,0,0,0,0,0,0,0,0,0,0,0,0,0,0,0,0,0,0,0,0,0,0,0,0,0,0,0,0,0,0,0,0,0,0,0,0,0,0,0,0,0,3,0.1
10,30,22,18,3,0,0,0,0,10,35,84,220,379,631,1032,1372,1509,1112,719,377,254,116,93,55,33,35,35,34,52,122,158,262,453,754,1082,1405,1378,1145,662,279,232,133,107,44,42,74,98,199,350,674,945,1389,1379,1178,765,494,245,118,124,57,46,35,82,107,231,452,657,1037,1460,1470,1123,753,372,194,116,69,58,40,40,51,82,135,224,404,751,1032,1425,1436,1191,680,300,168,95,79,42,34,48,66,128,189,263,502,782,1217,1554,1409,947,535,286,157,74,88,62,67,95,194,382,562,852,1199,1539,1254,778,579,304,191,94,74,86,205,248,447,822,1059,1353,1305,1043,673,353,206,130,73,99,165,151,202,285,335,613,946,1262,1420,1131,685,426,334,217,157,85,95,127,231,390,611,893,1344,1482,1135,790,463,278,171,156,102,94,113,229,346,587,992,1426,1567,1115,745,359,182,110,37,29,41,37,75,69,58,130,226,351,641,1205,1747,1692,1046,529,242,67,54,24,33,19,18,11,15,58,64,132,311,500,674,1004,1319,1440,1159,678,387,216,135,79,76,112,84,217,390,661,1135,1447,1368,1025,659,338,185,148,128,158,163,325,326,457,705,1124,1305,1424,1028,543,252,125,76,70,86,72,165,251,323,496,782,1154,1238,1153,930,606,372,217,136,162,142,211,222,293,484,607,956,1213,1358,1269,755,447,197,119,59,100,95,144,294,593,743,718,1083,1299,1095,832,619,300,158,105,86,77,102,179,234,463,656,889,1212,1261,1135,858,430,231,165,103,95,143,114,137,235,517,740,1299,1381,1377,997,616,335,151,137,117,157,196,245,254,470,772,1105,1326,1332,964,573,295,127,55,34,67,82,88,212,455,799,1352,1488,1397,1064,601,243,171,115,67,45,58,77,119,152,289,478,797,1099,1321,1396,1068,539,325,192,75,99,124,90,94,156,267,553,825,1051,1069,1080,1043,806,427,284,269,211,231,277,409,442,674,874,1095,1015,981,738,520,342,253,188,211,243,252,319,423,573,772,1098,1175,1014,889,605,398,268,174,122,184,160,225,361,492,704,835,1198,1215,1029,725,458,302,175,138,130,151,210,268,451,745,893,1189,1298,1072,769,439,287,162,74,62,35,114,178,328,349,370,647,926,1280,1240,971,635,422,289,174,124,128,102,146,156,308,651,1120,1590,1481,1007,630,396,211,144,98,76,55,91,145,176,294,419,682,1080,1170,1237,1011,742,495,337,202,204,223,253,328,355,372,541,809,1138,1084,1007,890,629,327,205,151,165,132,130,188,333,519,755,1149,1308,1250,1020,606,365,202,176,97,135,137,110,152,259,427,669,1017,1277,1145,1063,827,423,260,146,65,52,93,145,248,322,608,1011,1197,1298,1061,806,547,445,232,159,101,131,214,290,400,545,641,950,1187,1118,996,712,436,274,148,98,86,58,114,80,184,333,528,959,1409,1718,1145,702,397,218,96,26,22,14,16,5,30,135,211,268,442,820,1239,1340,1249,949,643,476,214,108,44,59,95,93,184,365,599,823,1017,1224,1304,979,543,333,176,119,71,58,64,83,149,289,433,584,895,1353,1478,1294,720,439,169,96,88,56,57,110,155,228,441,510,597,951,1203,1162,1071,805,525,253,275,201,130,129,178,264,217,422,652,1002,1345,1460,1077,772,400,196,91,66,32,55,66,199,264,448,765,1291,1330,1342,953,552,319,193,147,98,92,55,73,167,338,511,976,1272,1388,1236,902,464,247,111,116,53,30,24,79,129,336,650,1110,1397,1535,1193,728,417,239,90,84,86,79,82,121,183,302,371,541,796,1070,1312,1385,908,559,332,198,177,98,101,97,145,343,540,742,1077,1332,1458,1027,547,286,161,51,56,62,58,77,139,246,444,637,861,1133,1223,1213,942,544,300,191,126,132,87,113,144,289,447,934,1278,1414,1233,867,586,341,197,90,69,65,62,84,122,218,355,663,931,1255,1413,1032,806,524,302,172,86,82,83,97,163,258,490,869,1135,1279,1417,1014,725,348,166,86,57,128,147,149,256,520,928,1202,1292,1203,1087,624,357,111,69,61,39,46,53,113,220,355,598,1010,1437,1504,1331,882,400,198,118,69,17,2,0,0,0,0,0,0,0,0,0,0,0,0,0,0,0,0,0,0,0,0,0,0,0,0,0,0,0,0,0,0,0,0,0,0,0,0,0,0,0,0,0,0,0,0,0,0,0,0,0,0,0,0,0,0,0,0,0,0,0,0,0,0,0,0,0,0,0,0,0,0,0,0,0,0,0,0,0,0,0,0,0,0,0,0,0,0,0,0,0,0,0,0,0,0,0,0,0,0,0,0,0,0,0,0,0,0,0,0,0,0,0,0,0,0,0,0,0,0,0,0,0,0,0,0,0,0,0,0,0,0,0,0,0,0,0,0,0,4,0.1
10,4,35,131,259,395,855,1441,1854,1553,836,387,177,94,29,10,6,3,0,10,12,7,14,9,17,40,29,62,134,283,568,1113,1514,1563,1355,761,329,132,77,60,57,49,54,81,227,361,684,918,1263,1237,1126,714,499,349,206,186,189,234,290,422,516,771,1116,1408,1197,814,497,323,161,85,84,126,311,332,491,631,886,1044,1177,1031,847,549,368,223,194,169,197,200,285,453,727,833,1082,1183,1019,619,516,424,325,234,115,156,203,269,488,699,912,1161,1136,1062,851,625,329,213,140,91,108,74,158,331,550,950,1315,1721,1284,834,408,187,60,32,26,20,50,76,230,465,901,1477,1661,1336,900,477,280,94,51,31,40,54,86,107,284,491,693,1114,1402,1332,1042,656,404,274,155,156,135,108,105,190,318,471,839,904,1179,1268,1235,735,506,294,156,58,85,64,96,196,430,704,1254,1590,1525,1080,590,305,113,93,20,18,13,5,0,0,0,0,0,0,0,0,0,0,0,0,0,0,0,0,0,0,0,0,0,0,0,0,0,0,0,0,0,0,0,0,0,0,0,0,0,0,0,0,0,0,0,0,0,0,0,0,0,0,0,0,0,0,0,0,0,0,0,0,0,0,0,0,0,0,0,0,0,0,0,0,0,0,0,0,0,0,0,0,0,0,0,0,0,0,0,0,0,0,0,0,0,0,0,0,0,0,0,0,0,0,0,0,0,0,0,0,0,0,0,0,0,0,0,0,0,0,0,0,0,0,0,0,0,0,0,0,0,0,0,0,0,0,0,0,0,0,0,0,0,0,0,0,0,0,0,0,0,0,0,0,0,0,0,0,0,0,0,0,0,0,0,0,0,0,0,0,0,0,0,0,0,0,0,0,0,0,0,0,0,0,0,0,0,0,0,0,0,0,0,0,0,0,0,0,0,0,0,0,0,0,0,0,0,0,0,0,0,0,0,0,0,0,0,0,0,0,0,0,0,0,0,0,0,0,0,0,0,0,0,0,0,0,0,0,0,0,0,0,0,0,0,0,0,0,0,0,0,0,0,0,0,0,0,0,0,0,0,0,0,0,0,0,0,0,0,0,0,0,0,0,0,0,0,0,0,0,0,0,0,0,0,0,0,0,0,0,0,0,0,0,0,0,0,0,0,0,0,0,0,0,0,0,0,0,0,0,0,0,0,0,0,0,0,0,0,0,0,0,0,0,0,0,0,0,0,0,0,0,0,0,0,0,0,0,0,0,0,0,0,0,0,0,0,0,0,0,0,0,0,0,0,0,0,0,0,0,0,0,0,0,0,0,0,0,0,0,0,0,0,0,0,0,0,0,0,0,0,0,0,0,0,0,0,0,0,0,0,0,0,0,0,0,0,0,0,0,0,0,0,0,0,0,0,0,0,0,0,0,0,0,0,0,0,0,0,0,0,0,0,0,0,0,0,0,0,0,0,0,0,0,0,0,0,0,0,0,0,0,0,0,0,0,0,0,0,0,0,0,0,0,0,0,0,0,0,0,0,0,0,0,0,0,0,0,0,0,0,0,0,0,0,0,0,0,0,0,0,0,0,0,0,0,0,0,0,0,0,0,0,0,0,0,0,0,0,0,0,0,0,0,0,0,0,0,0,0,0,0,0,0,0,0,0,0,0,0,0,0,0,0,0,0,0,0,0,0,0,0,0,0,0,0,0,0,0,0,0,0,0,0,0,0,0,0,0,0,0,0,0,0,0,0,0,0,0,0,0,0,0,0,0,0,0,0,0,0,0,0,0,0,0,0,0,0,0,0,0,0,0,0,0,0,0,0,0,0,0,0,0,0,0,0,0,0,0,0,0,0,0,0,0,0,0,0,0,0,0,0,0,0,0,0,0,0,0,0,0,0,0,0,0,0,0,0,0,0,0,0,0,0,0,0,0,0,0,0,0,0,0,0,0,0,0,0,0,0,0,0,0,0,0,0,0,0,0,0,0,0,0,0,0,0,0,0,0,0,0,0,0,0,0,0,0,0,0,0,0,0,0,0,0,0,0,0,0,0,0,0,0,0,0,0,0,0,0,0,0,0,0,0,0,0,0,0,0,0,0,0,0,0,0,0,0,0,0,0,0,0,0,0,0,0,0,0,0,0,0,0,0,0,0,0,0,0,0,0,0,0,0,0,0,0,0,0,0,0,0,0,0,0,0,0,0,0,0,0,0,0,0,0,0,0,0,0,0,0,0,0,0,0,0,0,0,0,0,0,0,0,0,0,0,0,0,0,0,0,0,0,0,0,0,0,0,0,0,0,0,0,0,0,0,0,5,0.1
10,18,57,126,240,475,737,1178,1533,1548,1146,729,347,134,74,32,18,20,19,40,74,159,375,674,1137,1489,1634,1304,756,360,175,104,67,47,48,39,51,121,372,707,1047,1519,1566,1368,712,346,165,92,77,77,127,206,286,501,818,1228,1622,1403,987,529,246,141,81,34,24,39,56,113,239,446,933,1399,1746,1481,952,455,187,74,27,31,32,53,54,140,209,315,631,1021,1575,1589,1270,734,441,208,111,42,40,35,62,75,115,159,246,516,841,1223,1690,1517,970,536,254,99,54,32,17,40,95,219,393,706,1087,1515,1623,1181,644,355,181,82,36,37,49,79,93,175,300,583,948,1262,1549,1377,969,429,199,104,82,69,64,78,116,201,506,745,1160,1571,1503,1193,621,346,160,109,81,69,55,101,134,277,592,1065,1439,1635,1398,840,371,156,108,55,54,44,80,93,217,420,693,1112,1509,1579,1201,654,373,207,115,66,54,40,33,84,212,399,713,1179,1584,1517,1160,706,373,160,77,52,36,25,32,64,104,149,250,514,982,1447,1617,1418,848,467,223,126,76,65,70,124,236,469,713,1203,1644,1522,1053,614,317,144,84,55,63,101,149,253,426,698,1024,1441,1460,1189,729,415,204,127,63,44,67,123,238,435,803,1246,1535,1424,1090,594,295,146,103,77,126,139,195,316,553,871,1236,1535,1254,962,555,269,181,85,67,41,53,76,138,371,580,968,1333,1530,1269,891,550,273,132,65,50,51,74,114,252,440,751,1261,1478,1474,1105,640,335,152,110,72,95,125,210,358,573,979,1245,1371,1262,872,505,294,207,131,122,167,214,305,412,737,1224,1370,1299,1062,712,336,237,137,112,118,142,251,356,517,793,1151,1371,1236,1019,675,331,217,140,86,109,89,102,136,295,503,817,1269,1457,1424,976,594,335,191,125,83,97,103,145,224,428,648,1017,1399,1590,1242,715,394,206,120,60,55,75,85,119,321,488,694,1047,1392,1368,1095,726,452,198,126,103,114,121,162,236,332,562,942,1251,1389,1249,885,559,328,175,143,142,110,164,241,507,840,1203,1467,1458,949,608,283,159,112,84,87,191,363,585,871,1280,1433,1266,921,556,283,161,94,82,78,117,195,293,533,928,1426,1662,1381,828,411,218,113,49,40,58,62,125,198,402,743,1422,1668,1589,1003,505,281,109,59,44,52,68,114,181,331,603,1049,1622,1635,1220,781,379,176,70,27,35,19,17,44,66,83,182,316,503,907,1417,1726,1492,909,437,215,96,38,23,25,27,50,90,161,331,670,1138,1701,1674,1194,702,335,178,69,48,52,43,64,60,123,244,564,1061,1513,1604,1363,874,499,228,112,55,49,62,100,136,238,393,721,1054,1337,1568,1234,720,407,168,67,45,43,35,41,106,199,403,753,1253,1709,1846,1127,465,192,62,21,15,21,11,17,89,142,277,525,974,1451,1690,1335,842,468,219,98,48,58,78,135,193,360,625,1036,1376,1494,1263,792,444,246,120,98,77,125,189,294,458,726,1119,1299,1396,1053,641,376,242,143,101,99,85,126,251,420,626,1198,1590,1499,1041,676,343,180,102,59,57,94,206,355,665,1032,1491,1599,1275,733,412,190,91,82,72,96,138,289,557,947,1351,1503,1312,901,517,300,161,80,67,69,132,183,407,779,1177,1519,1595,1147,647,324,156,68,38,17,16,47,63,97,149,253,382,595,1055,1386,1489,1242,796,407,246,129,76,53,89,136,199,290,597,1048,1542,1565,1182,688,409,223,127,78,71,102,101,215,358,552,920,1265,1476,1370,911,497,290,150,109,64,57,62,129,285,480,879,1229,1509,1392,1002,566,301,183,98,65,106,187,234,342,691,1057,1515,1523,1150,598,353,178,107,84,73,91,120,216,387,793,1119,1463,1519,1149,684,302,153,107,82,67,108,184,358,598,942,1309,1492,1291,922,527,275,156,129,75,83,114,245,429,817,1254,1493,1416,1066,661,318,164,76,80,38,45,76,134,243,408,680,977,1360,1488,1212,801,394,224,123,87,67,67,70,144,302,461,760,1279,1661,1615,1062,495,209,112,49,18,19,14,38,82,102,167,264,638,1049,1471,1440,1123,803,470,320,146,160,123,144,229,425,575,850,1222,1435,1311,941,529,265,160,101,59,71,100,184,325,509,917,1325,1629,1398,947,514,235,100,60,47,62,143,210,373,666,1023,1316,1589,1380,798,350,159,61,45,30,29,34,66,62,100,160,346,598,977,1371,1511,1323,902,512,254,134,78,71,61,89,179,281,553,966,1362,1478,1351,865,550,242,110,56,69,64,71,92,214,350,553,929,1356,1553,1351,928,461,237,159,82,70,69,144,203,414,877,1149,1438,1472,1126,697,338,176,87,64,70,85,96,181,357,644,1083,1605,1717,1237,670,321,159,59,24,7,8,1,0,0,0,0,0,0,0,0,0,0,0,0,0,0,0,0,0,0,0,0,1,0.3
10,13,66,129,177,325,494,734,1189,1542,1366,921,612,309,170,138,101,75,58,96,219,384,542,742,1111,1296,1211,946,607,387,239,130,95,109,108,246,399,704,994,1226,1289,1066,725,460,268,200,162,170,215,355,490,642,888,1151,1205,1029,742,446,245,185,145,116,151,203,288,499,715,1062,1218,1220,981,665,373,259,190,125,157,255,309,458,680,1003,1270,1305,984,704,400,246,163,125,103,112,160,352,574,777,1013,1225,1300,1047,695,374,177,101,67,51,37,49,122,153,281,457,828,1268,1477,1349,1007,565,317,137,80,72,71,73,110,189,352,698,1045,1361,1403,1110,690,337,200,127,104,98,96,76,103,184,309,553,819,1291,1389,1250,891,504,277,158,96,91,92,144,203,367,626,936,1178,1384,1259,827,424,233,169,101,67,55,82,166,274,414,714,1127,1412,1384,1096,638,329,146,66,35,36,43,110,215,338,461,715,1160,1389,1363,1010,550,346,232,206,126,110,103,157,217,378,666,992,1291,1394,1150,729,442,257,146,91,60,45,56,91,145,174,284,417,794,1140,1378,1334,1025,609,393,231,156,154,138,188,283,323,488,716,1062,1248,1211,871,629,403,287,214,182,173,217,325,451,677,918,1074,1223,1053,726,515,300,220,155,156,157,147,192,339,569,813,1119,1324,1268,953,510,293,157,112,94,136,190,307,534,755,1021,1223,1246,936,658,425,273,201,188,141,91,128,228,346,618,1011,1319,1454,1142,667,397,240,140,112,95,133,149,205,321,484,716,964,1162,1132,1038,781,476,272,185,135,133,151,169,182,266,511,769,1087,1227,1363,1088,675,329,213,134,108,127,124,122,203,347,549,882,1208,1264,1180,983,610,361,188,116,123,113,181,270,368,536,707,1008,1166,1240,939,616,387,248,168,91,114,123,129,190,296,503,857,1240,1402,1305,990,569,262,137,54,52,81,122,189,392,641,994,1418,1600,1281,746,335,152,115,63,32,72,79,84,93,182,383,617,1044,1391,1530,1141,702,482,262,115,73,49,76,121,190,288,461,793,1235,1546,1399,876,548,279,157,115,69,76,141,195,302,499,868,1077,1307,1280,922,640,343,187,149,159,149,167,222,328,514,719,1059,1244,1271,1014,648,452,226,132,95,68,65,85,179,283,513,804,1141,1433,1388,900,534,320,163,123,95,116,170,230,358,545,876,1144,1116,1171,913,589,327,236,168,135,170,250,331,506,673,925,1135,1211,1015,721,443,258,220,184,115,94,152,183,383,564,916,1178,1388,1200,857,524,330,231,134,120,104,137,168,339,519,831,1157,1290,1212,842,557,331,204,174,144,138,121,187,245,420,585,809,1037,1146,1223,867,623,413,266,160,122,159,188,272,421,749,1097,1474,1499,993,572,266,165,81,67,72,119,186,356,564,855,1153,1390,1296,924,558,328,200,136,74,56,93,174,244,361,609,907,1256,1339,1188,849,570,363,167,104,56,55,66,116,217,408,717,1052,1366,1508,1125,706,356,197,86,57,17,16,3,0,0,0,0,0,0,0,0,0,0,0,0,0,0,0,0,0,0,0,0,0,0,0,0,0,0,0,0,0,0,0,0,0,0,0,0,0,0,0,0,0,0,0,0,0,0,0,0,0,0,0,0,0,0,0,0,0,0,0,0,0,0,0,0,0,0,0,0,0,0,0,0,0,0,0,0,0,0,0,0,0,0,0,0,0,0,0,0,0,0,0,0,0,0,0,0,0,0,0,0,0,0,0,0,0,0,0,0,0,0,0,0,0,0,0,0,0,0,0,0,0,0,0,0,0,0,0,0,0,0,0,0,0,0,0,0,0,0,0,0,0,0,0,0,0,0,0,0,0,0,0,0,0,0,0,0,0,0,0,0,0,0,0,0,0,0,0,0,0,0,0,0,0,0,0,0,0,0,0,0,0,0,0,0,0,0,0,0,0,0,0,0,0,0,0,0,0,0,0,0,0,0,0,0,0,0,0,0,0,0,0,0,0,0,0,0,0,0,0,0,0,0,0,0,0,0,0,0,0,0,0,0,0,0,0,0,0,0,0,0,0,0,0,0,0,0,0,0,0,0,0,0,0,0,0,0,0,0,0,0,0,0,0,0,0,0,0,0,0,0,0,0,0,0,0,0,0,0,0,0,0,0,0,0,0,0,0,0,0,0,0,0,0,0,0,0,0,0,0,0,0,0,0,0,0,0,0,0,0,0,0,0,0,0,0,0,0,0,0,0,0,0,0,0,0,0,0,0,0,0,0,0,0,0,0,0,0,0,0,0,0,0,0,0,0,0,0,0,0,0,0,0,0,0,0,0,0,0,0,0,0,0,0,0,0,0,0,0,0,0,0,0,0,0,0,0,0,0,0,0,0,0,2,0.3
10,44,57,86,141,265,451,765,1148,1414,1504,1099,610,356,202,73,69,50,90,153,291,498,876,1343,1621,1344,861,480,238,136,78,96,92,87,132,247,342,527,762,1109,1415,1367,944,572,338,211,149,117,112,156,222,305,432,803,1150,1396,1387,1023,609,365,161,111,103,125,168,295,485,853,1191,1324,1285,991,595,369,189,136,100,62,69,112,183,327,551,932,1230,1511,1305,814,475,281,161,97,74,93,149,218,368,680,993,1335,1410,1188,757,479,235,95,64,58,75,95,130,194,304,549,873,1317,1612,1400,874,473,171,85,61,42,54,66,107,248,399,746,1250,1587,1567,1070,586,255,125,85,51,37,38,69,121,229,439,728,1218,1441,1482,1053,648,358,206,112,73,70,123,186,325,451,716,1066,1452,1420,1127,658,320,193,83,58,50,75,115,163,358,526,893,1177,1277,1271,929,613,376,210,96,63,85,140,216,331,498,890,1166,1420,1295,857,531,282,163,105,85,82,113,191,296,512,851,1208,1440,1292,882,570,317,181,141,130,118,129,210,378,617,966,1239,1322,1189,850,483,253,174,111,87,129,155,268,430,690,1050,1368,1393,1045,698,423,245,134,90,85,103,201,253,342,574,906,1258,1331,1224,835,518,268,149,89,95,113,151,249,508,820,1155,1363,1266,971,614,384,193,160,110,127,208,298,422,553,801,995,1165,1228,945,630,354,243,185,153,143,209,280,450,668,819,1027,1300,1176,843,551,403,259,163,125,152,158,207,315,443,673,943,1256,1218,1040,744,444,257,162,113,106,93,121,185,304,529,1052,1514,1524,1281,785,385,208,129,89,89,87,105,134,216,283,509,858,1196,1357,1339,957,602,327,206,114,92,79,67,124,228,461,835,1203,1457,1433,992,594,253,143,96,108,87,109,177,333,507,805,1079,1306,1356,948,599,399,236,120,110,98,125,198,291,455,693,1043,1325,1361,1106,666,351,197,130,91,104,112,199,325,568,1011,1305,1408,1267,831,496,232,117,50,47,45,64,124,269,502,848,1294,1606,1389,970,501,217,124,56,51,64,118,182,261,386,789,1151,1395,1318,996,727,458,221,133,69,77,80,180,326,628,1027,1324,1440,1202,792,473,275,167,89,62,66,88,176,300,636,1059,1387,1417,1290,849,454,207,89,70,46,43,45,86,184,288,490,717,1235,1434,1377,978,610,329,195,157,126,129,160,209,280,485,820,1158,1386,1245,963,651,447,239,126,113,103,80,103,184,333,583,887,1157,1400,1275,910,564,289,165,127,89,59,73,112,170,277,444,858,1225,1457,1362,1034,586,289,112,66,66,67,71,137,211,345,539,778,1184,1435,1310,960,634,305,205,104,69,61,51,46,87,145,199,366,611,1002,1416,1462,1298,789,390,205,98,43,17,14,22,18,35,54,145,317,523,867,1265,1618,1316,934,515,287,144,66,65,76,81,96,161,278,455,813,1282,1538,1462,994,560,300,136,81,66,73,78,113,199,479,879,1077,1489,1424,1085,619,322,179,76,46,33,30,36,34,52,114,192,380,694,1161,1546,1634,1150,602,317,153,93,47,24,17,31,47,89,189,392,683,1083,1493,1609,1153,731,390,190,89,45,36,24,20,13,20,44,76,182,349,690,1134,1482,1646,1204,684,357,152,99,72,35,35,63,131,254,469,833,1120,1379,1347,1106,700,353,133,63,47,33,33,33,44,88,159,302,626,1197,1535,1486,1127,674,355,182,97,81,65,77,105,188,286,496,703,1054,1282,1357,1000,605,430,266,158,114,75,127,181,357,567,888,1238,1483,1238,856,490,224,130,94,108,124,145,261,448,756,1179,1408,1328,966,580,353,222,123,109,117,108,156,199,316,535,918,1325,1436,1254,826,478,253,138,93,80,98,197,305,441,786,1133,1368,1376,1005,646,380,198,105,81,68,85,167,261,388,634,931,1359,1435,1178,780,399,234,183,127,85,107,131,209,399,641,1088,1429,1406,1070,698,422,216,162,128,121,136,281,390,685,946,1332,1382,1108,746,455,276,143,83,100,87,119,201,349,596,749,1114,1341,1356,1065,658,348,156,109,96,119,149,238,379,568,900,1288,1490,1284,816,424,218,145,95,60,62,78,149,208,307,499,895,1250,1505,1323,784,469,265,127,99,93,96,150,279,451,732,919,1155,1322,1130,832,511,223,154,98,96,135,152,226,378,656,892,1146,1402,1261,858,566,287,170,117,113,119,146,250,439,771,1187,1534,1366,980,582,306,138,68,39,53,48,100,176,300,643,1187,1558,1596,1227,704,343,174,88,52,58,69,115,235,551,794,1064,1348,1479,1110,657,304,139,56,31,49,91,138,210,335,500,808,1228,1385,1317,979,532,324,142,102,87,84,83,160,295,524,922,1357,1444,1386,1036,481,218,109,57,25,33,21,37,45,61,169,315,576,1058,1660,1740,1255,657,356,125,56,35,32,38,56,116,228,426,660,3,0.3
10,35,62,91,175,388,728,1074,1582,1593,1097,655,361,145,90,70,63,107,174,319,484,800,1031,1295,1388,1036,663,373,247,157,88,78,115,124,213,299,536,928,1123,1399,1203,901,575,394,212,152,98,64,101,206,355,562,805,1140,1536,1391,907,488,227,148,91,66,81,136,249,489,897,1173,1478,1371,984,529,262,123,76,79,80,110,150,288,546,972,1297,1407,1290,862,492,253,144,124,120,117,156,348,474,744,1031,1326,1266,1056,677,364,170,100,91,60,99,125,176,378,570,938,1270,1400,1203,796,523,271,147,89,77,100,126,185,233,391,656,1001,1361,1296,1143,763,460,259,143,119,100,99,116,159,242,470,707,1031,1262,1470,1030,725,445,271,151,114,120,152,159,260,356,668,1081,1371,1487,1031,635,361,213,152,95,117,160,235,420,729,1105,1334,1255,1042,653,398,243,171,85,64,76,119,175,224,300,528,887,1311,1482,1285,857,479,198,83,68,76,63,76,146,263,348,536,778,1262,1411,1299,921,554,313,158,103,61,79,105,127,214,344,581,995,1301,1527,1328,731,400,206,145,83,77,89,155,214,308,636,1006,1379,1443,1174,757,481,260,142,38,54,42,87,199,296,408,699,943,1263,1365,1117,769,400,201,155,123,102,105,188,301,450,678,985,1432,1362,999,653,352,213,176,140,134,151,186,319,543,839,1093,1245,1231,1004,671,395,237,168,130,145,189,243,342,479,697,1067,1242,1170,906,630,447,326,194,130,103,157,198,177,268,426,791,1208,1386,1257,968,666,366,193,132,92,93,127,188,283,412,658,1160,1317,1384,1048,653,360,202,121,98,79,67,100,187,407,759,1130,1383,1542,1204,748,290,147,74,36,46,64,77,241,371,520,700,1075,1311,1356,1084,612,340,228,115,95,60,63,83,117,228,467,839,1142,1479,1462,979,565,336,170,86,75,100,166,261,501,778,1151,1539,1436,946,516,278,152,90,93,88,125,224,366,479,837,1179,1306,1189,853,609,372,240,179,135,124,138,188,261,486,806,1128,1233,1152,956,667,421,221,193,170,166,184,321,557,758,990,1179,1149,917,655,448,294,195,195,169,238,317,529,796,1072,1282,1201,988,590,400,231,167,152,165,232,280,384,601,857,1080,1203,1093,940,637,423,272,166,134,89,85,80,114,131,242,522,860,1216,1494,1376,939,604,361,148,81,43,31,46,90,156,244,353,646,1063,1406,1507,1119,683,403,223,130,100,108,98,135,282,401,551,971,1316,1337,1231,792,462,269,186,107,66,65,86,130,207,471,699,1068,1459,1333,1072,670,426,242,111,90,70,64,108,169,211,414,778,1160,1361,1467,1166,651,375,197,95,67,70,102,117,196,355,492,889,1181,1331,1291,970,568,311,198,160,164,189,185,253,343,560,835,1133,1285,1188,948,593,319,192,110,98,105,138,209,302,460,761,1106,1354,1322,988,573,400,213,112,75,82,83,96,169,306,531,818,1178,1402,1362,969,580,325,155,81,73,68,92,144,165,291,478,750,1020,1207,1302,1204,723,419,244,146,113,119,120,174,299,482,684,1025,1358,1341,1042,634,420,213,129,92,99,157,244,306,435,647,941,1269,1306,1053,674,472,297,191,130,90,83,95,93,181,266,470,806,1274,1462,1514,928,536,326,145,74,58,45,44,48,82,159,250,499,893,1453,1613,1309,795,394,238,116,56,41,79,118,252,459,741,968,1376,1481,1156,697,339,202,110,63,63,81,139,156,345,643,992,1436,1417,1165,781,464,231,169,133,79,59,100,194,315,557,877,1175,1465,1326,866,553,307,160,93,62,59,64,87,146,280,417,717,991,1380,1472,1115,727,443,265,133,69,77,88,125,188,304,691,1045,1369,1443,1179,861,391,187,125,70,96,102,149,273,395,598,834,1173,1161,1069,813,587,377,237,177,176,186,219,332,501,696,898,1274,1222,1080,669,372,236,138,94,77,129,238,382,714,1152,1599,1561,1018,562,265,107,73,45,33,55,91,189,332,559,821,1211,1407,1208,991,592,334,230,146,132,131,149,229,349,568,850,1258,1351,1156,749,499,326,198,120,89,80,131,206,306,501,823,1246,1466,1396,962,572,266,147,76,55,71,91,148,267,496,811,1182,1408,1413,1022,586,283,163,81,48,29,17,15,39,108,168,267,573,970,1376,1536,1227,818,483,260,140,87,57,55,120,176,301,401,677,1084,1490,1533,1068,644,307,124,61,63,72,101,141,203,429,766,1205,1469,1426,969,659,334,179,131,89,101,133,196,378,603,827,1164,1261,1262,910,514,337,188,117,92,87,128,266,337,616,957,1298,1392,1164,784,487,264,144,113,102,98,152,206,319,506,817,1081,1437,1283,959,626,357,217,150,118,73,75,119,177,342,660,1081,1200,1293,1210,847,447,239,146,115,113,106,125,184,289,396,615,974,1211,1239,1133,815,493,237,126,107,102,166,201,4,0.3
10,12,39,109,162,346,686,987,1375,1465,1149,711,408,235,130,90,95,109,185,226,397,649,965,1289,1378,1198,800,493,232,139,96,62,100,74,132,220,382,563,839,1279,1479,1271,874,503,266,200,138,134,120,170,217,341,500,631,980,1272,1278,1142,768,475,222,125,72,95,150,242,421,686,1047,1470,1604,1097,624,291,173,97,110,130,131,185,365,650,951,1207,1293,1238,816,531,298,196,144,141,137,162,264,407,637,959,1228,1354,1126,787,495,255,154,101,52,38,40,86,157,263,575,984,1334,1481,1374,935,457,213,100,79,87,74,95,163,278,508,862,1277,1495,1368,879,478,274,166,110,93,68,92,147,265,461,798,1274,1536,1452,951,465,296,151,129,107,133,170,323,491,739,952,1289,1344,1040,731,396,278,215,156,111,124,232,359,591,899,1154,1308,1143,827,585,352,227,164,126,112,83,110,218,412,640,965,1261,1443,1148,795,470,229,127,80,74,96,138,226,412,775,1100,1360,1250,1041,714,422,252,157,120,117,134,192,308,641,1021,1209,1409,1212,947,510,322,206,137,137,146,206,292,415,665,978,1317,1280,1107,741,389,225,144,108,126,139,130,187,371,571,943,1378,1475,1146,752,474,247,114,84,84,111,146,183,268,504,731,1085,1260,1347,1009,726,403,215,149,151,147,182,246,336,534,787,1191,1484,1286,963,489,264,162,129,88,82,113,162,242,384,614,970,1333,1382,1167,749,463,291,182,103,82,110,144,254,485,778,1034,1341,1317,1049,674,398,225,142,125,105,116,106,158,242,396,654,983,1341,1348,1135,698,396,267,174,141,100,116,169,357,620,906,1138,1366,1238,935,471,271,199,150,163,147,204,309,558,865,1212,1365,1240,893,564,305,159,88,87,112,136,164,338,594,810,1137,1276,1203,941,646,384,228,120,86,88,91,180,331,470,756,1162,1366,1349,1020,611,320,195,125,94,74,63,88,103,163,311,674,1010,1306,1481,1171,883,483,221,122,78,50,59,102,186,316,605,924,1256,1436,1158,858,516,288,179,118,98,102,112,167,247,483,818,1140,1404,1341,972,704,353,170,64,56,34,35,46,50,129,232,405,709,1116,1522,1492,1110,627,314,173,84,66,54,59,132,174,336,567,855,1268,1417,1320,924,551,238,143,95,84,78,78,80,172,305,576,945,1363,1611,1393,861,411,201,95,59,46,50,84,127,292,614,967,1269,1526,1340,905,503,222,84,61,49,53,62,63,115,252,487,699,1020,1264,1445,1152,733,380,197,103,75,81,103,179,267,544,880,1314,1446,1174,834,510,324,192,96,64,58,76,92,153,259,310,500,830,1195,1408,1390,987,526,285,195,111,75,66,105,139,260,464,843,1282,1526,1301,814,570,251,167,135,78,74,120,182,308,531,816,1213,1486,1263,894,600,341,153,142,136,143,139,212,287,521,720,902,1149,1208,1127,782,466,227,129,134,106,91,138,218,359,588,902,1215,1341,1156,852,506,322,179,112,106,138,179,266,385,490,749,1118,1304,1224,945,609,359,168,121,132,133,159,189,329,552,987,1317,1405,1165,827,450,214,136,64,116,137,165,231,402,812,1204,1349,1294,1007,644,388,288,214,125,120,131,200,320,528,758,1160,1517,1213,770,538,326,154,121,92,126,220,329,553,807,1183,1337,1361,971,551,250,127,68,64,73,116,199,323,583,878,1088,1301,1204,966,702,375,220,162,108,95,125,135,230,395,683,1158,1476,1462,1049,614,372,186,114,101,73,42,76,133,198,352,562,1008,1354,1642,1255,650,327,222,79,53,47,64,145,241,441,716,983,1247,1359,1071,790,578,268,162,93,61,61,106,127,289,626,1043,1390,1575,1279,826,376,127,63,35,29,30,48,100,245,490,900,1307,1515,1410,1032,536,273,140,86,63,72,100,136,251,452,710,1059,1498,1456,1034,587,287,168,98,77,95,97,160,292,477,781,1227,1558,1421,1102,495,211,142,79,42,48,53,86,183,318,599,1035,1382,1506,1200,851,456,231,114,101,81,115,132,179,246,483,847,1226,1358,1300,1037,653,371,180,113,79,64,81,99,146,294,457,670,898,1270,1374,1163,765,464,326,189,120,80,67,82,151,348,558,911,1348,1426,1237,765,477,265,157,127,103,125,125,231,335,608,945,1266,1328,1119,811,543,322,151,124,95,64,57,119,207,361,655,1078,1382,1318,1099,723,439,299,138,68,74,126,214,344,710,1134,1495,1511,1091,634,290,175,76,54,46,66,105,219,368,619,1022,1373,1438,1217,750,440,217,133,107,53,59,134,175,299,505,935,1157,1279,1282,1058,678,364,180,81,69,95,127,125,167,313,600,964,1315,1541,1261,876,507,245,93,50,43,49,88,185,330,559,920,1405,1572,1294,846,418,212,97,72,59,29,35,52,96,192,359,624,1049,1345,1475,1186,793,427,208,143,94,93,95,153,240,366,512,823,1310,5,0.3
10,28,60,146,286,513,903,1305,1611,1411,965,490,239,133,76,60,62,82,147,242,439,716,1113,1447,1410,1117,656,375,199,133,89,85,117,174,281,453,742,1123,1359,1395,1063,665,348,187,96,71,81,115,155,257,463,795,1156,1416,1334,1005,637,353,180,117,97,92,115,147,233,359,587,936,1312,1477,1230,808,459,261,129,78,67,81,92,139,219,349,568,884,1248,1410,1273,913,524,289,172,114,85,95,131,189,300,481,845,1198,1405,1308,934,586,352,190,138,100,92,117,191,300,495,822,1183,1353,1291,993,598,341,178,112,86,79,111,178,318,523,886,1227,1443,1325,990,572,284,162,107,84,71,97,157,279,489,776,1097,1336,1372,1043,644,371,201,116,83,82,81,143,221,372,612,918,1241,1399,1236,814,479,287,171,106,93,90,114,154,273,488,817,1174,1420,1383,1020,597,350,182,98,64,72,91,125,216,368,630,1005,1444,1542,1163,699,369,197,114,73,47,62,91,172,266,438,753,1118,1393,1432,1082,652,385,189,112,79,78,83,113,187,293,520,838,1264,1470,1374,984,564,293,146,93,60,47,66,107,188,371,592,934,1315,1472,1263,830,459,224,127,97,66,69,101,163,296,481,750,1078,1379,1397,1033,665,374,200,113,83,84,117,156,267,447,720,1050,1351,1367,1064,701,435,234,130,84,67,76,111,168,271,497,816,1192,1444,1348,938,580,331,184,109,88,75,82,121,200,344,586,945,1300,1436,1280,864,502,249,134,73,55,52,68,105,191,330,588,963,1357,1521,1278,837,489,261,145,107,82,91,127,192,350,580,894,1226,1384,1251,883,549,319,180,117,100,97,120,182,291,501,771,1131,1390,1357,1017,585,307,176,116,81,84,93,143,231,398,643,994,1305,1467,1161,723,457,231,137,87,76,78,108,182,296,501,830,1211,1416,1339,975,610,325,181,111,59,53,67,98,179,316,538,868,1265,1486,1366,931,491,296,189,107,76,72,76,123,209,378,652,1022,1402,1496,1227,727,364,189,91,56,46,49,69,118,230,450,739,1120,1487,1454,1099,639,341,162,92,80,67,82,125,187,321,584,883,1289,1440,1230,876,501,263,157,88,47,49,72,106,182,325,577,920,1288,1456,1301,892,492,273,132,94,73,68,86,132,217,394,655,1032,1374,1464,1230,771,410,197,109,68,50,42,62,102,202,353,636,1075,1478,1528,1191,710,374,191,115,75,60,79,118,231,448,722,1080,1399,1435,1129,715,370,181,123,91,92,109,153,225,416,732,1044,1333,1353,1058,703,432,238,132,86,83,91,116,190,314,536,819,1162,1381,1332,996,626,352,192,128,100,97,113,140,218,362,594,954,1257,1442,1257,843,499,261,145,84,68,92,114,170,283,518,802,1154,1427,1348,997,614,312,178,104,78,85,138,218,359,573,898,1207,1413,1265,886,542,294,184,130,108,129,169,236,367,615,972,1290,1384,1228,819,438,237,144,79,74,74,97,161,265,464,767,1131,1436,1406,1012,611,350,211,141,109,113,156,204,324,524,790,1115,1335,1279,1002,616,343,222,149,122,106,126,201,331,541,830,1142,1343,1292,958,547,321,199,113,86,92,138,227,364,608,962,1302,1409,1193,806,474,251,150,94,75,95,125,186,321,542,870,1215,1446,1316,897,549,302,159,97,78,85,86,139,222,381,654,1044,1360,1454,1146,714,403,226,130,81,69,84,109,165,294,480,774,1095,1379,1350,1018,656,352,191,123,76,61,61,102,176,312,556,928,1296,1527,1342,882,457,214,107,77,63,72,99,134,214,395,661,1085,1453,1447,1127,724,361,199,120,83,60,62,86,130,202,378,666,1035,1358,1434,1167,750,455,260,162,118,120,138,196,283,455,763,1039,1263,1223,1069,749,461,263,171,132,139,164,215,334,548,844,1117,1261,1182,900,632,370,188,109,97,96,108,163,252,442,704,1066,1366,1401,1101,672,388,218,134,97,88,99,128,220,400,625,962,1296,1390,1153,827,448,267,165,127,102,110,143,222,375,616,984,1300,1487,1248,799,416,238,116,75,66,67,91,159,263,463,748,1187,1507,1457,1079,587,267,150,81,45,39,52,85,147,261,490,823,1253,1508,1424,1007,543,267,127,85,78,77,84,132,241,399,664,1016,1367,1459,1156,771,454,223,106,65,73,92,117,176,331,537,812,1212,1425,1347,949,535,256,164,107,77,96,96,114,169,282,485,802,1203,1465,1392,1025,626,335,161,99,55,53,63,103,186,345,620,991,1355,1485,1240,825,437,222,130,75,55,45,67,111,206,416,737,1056,1398,1460,1144,703,388,212,124,93,78,96,132,229,352,564,900,1249,1431,1233,860,517,273,152,106,76,70,95,139,229,405,654,980,1343,1439,1195,744,438,205,117,86,90,118,179,288,451,721,1069,1318,1302,1118,731,453,262,168,131,117,117,160,232,380,617,890,1206,1320,1178,872,515,306,1,Inf
10,18,29,62,125,234,457,786,1165,1465,1470,1031,596,322,161,111,72,63,77,133,222,390,704,1017,1394,1430,1173,686,370,203,122,90,80,87,115,178,307,511,791,1129,1356,1280,977,605,375,208,149,94,84,125,171,256,421,695,1005,1296,1396,1055,720,402,221,129,95,86,103,154,253,445,726,1063,1301,1308,1063,694,400,214,132,112,105,132,187,317,484,785,1134,1381,1329,975,614,354,218,132,96,84,101,140,258,457,691,1022,1336,1408,1113,725,400,238,135,99,86,94,138,204,332,539,910,1319,1466,1287,888,534,262,158,108,94,108,157,220,361,598,900,1255,1412,1228,869,541,284,152,104,78,75,99,147,233,417,682,1067,1361,1420,1187,734,395,205,100,62,47,55,81,149,265,474,849,1254,1443,1397,989,545,275,158,99,84,94,118,186,292,480,759,1151,1361,1298,1049,643,376,216,125,78,70,85,130,197,339,565,860,1172,1394,1295,949,576,329,176,104,87,79,99,154,267,447,731,1102,1358,1341,1055,681,376,194,124,84,99,118,167,278,445,722,1083,1344,1330,1007,684,408,245,131,87,73,85,136,197,359,565,838,1173,1353,1306,956,554,311,179,119,81,81,99,179,275,422,690,1078,1413,1442,1104,698,367,192,115,95,88,96,120,177,294,485,781,1123,1365,1324,1025,654,384,214,140,98,81,83,124,219,398,627,953,1262,1361,1193,839,489,267,139,101,83,91,109,171,274,458,739,1043,1248,1277,1080,767,431,252,144,111,93,98,137,232,384,645,957,1306,1348,1155,789,483,253,153,108,90,89,107,162,269,430,731,1096,1361,1335,1096,682,360,193,118,79,87,107,149,234,369,612,943,1287,1422,1240,784,437,232,119,71,63,79,106,162,283,474,746,1124,1421,1373,978,621,364,189,117,84,90,105,152,248,431,702,1081,1382,1333,1102,678,375,235,151,116,113,135,184,291,477,753,1083,1294,1296,1010,665,417,231,140,130,152,196,283,428,655,938,1254,1355,1122,701,437,259,155,115,96,110,157,231,351,627,947,1254,1404,1244,832,497,275,154,97,91,82,100,157,292,542,854,1199,1426,1310,986,564,287,130,76,50,56,87,154,271,485,800,1163,1465,1421,1064,580,291,172,108,83,89,123,173,322,532,847,1219,1411,1276,941,538,305,159,112,93,96,123,192,354,593,906,1211,1372,1251,932,539,293,173,109,69,68,79,130,214,396,695,1056,1405,1459,1183,759,389,210,113,87,81,69,103,159,275,485,770,1112,1303,1371,975,625,372,216,132,87,95,129,200,305,516,823,1170,1392,1263,939,607,324,190,125,99,90,136,202,330,534,799,1184,1355,1258,972,606,347,207,121,100,101,128,189,294,452,714,1050,1346,1361,1071,666,380,205,149,130,131,137,225,340,527,834,1187,1364,1212,867,554,344,202,126,114,120,163,242,375,574,888,1210,1422,1262,862,474,255,168,112,103,106,133,206,354,581,828,1139,1434,1309,900,519,278,165,122,94,103,156,237,384,632,953,1323,1396,1145,816,442,254,133,78,73,81,105,165,288,529,836,1258,1432,1347,965,592,305,171,112,98,92,111,180,298,458,728,1067,1341,1351,1025,642,358,214,153,115,90,98,132,219,337,545,846,1160,1399,1224,912,533,324,174,113,92,89,124,183,286,508,791,1135,1363,1354,999,575,297,156,108,83,94,136,222,368,576,941,1281,1397,1204,826,500,290,167,110,97,88,102,155,261,437,733,1144,1428,1441,1090,650,313,156,104,81,81,115,180,295,478,742,1139,1418,1372,1067,640,351,202,127,86,65,84,123,209,346,551,888,1238,1386,1266,864,502,272,148,108,106,112,131,201,322,548,860,1161,1366,1244,980,600,320,172,111,86,82,114,142,224,388,622,914,1247,1379,1197,822,494,269,150,103,88,88,122,199,329,561,882,1268,1413,1290,890,481,269,144,91,86,81,99,162,269,460,727,1105,1352,1379,1086,680,339,188,110,91,89,127,198,328,539,845,1110,1303,1233,1018,608,338,193,125,100,107,151,223,325,563,837,1165,1324,1228,902,582,345,193,144,119,109,138,200,326,562,886,1217,1394,1263,880,543,299,165,98,77,94,103,149,239,403,659,1020,1326,1426,1163,711,408,225,133,88,70,68,83,109,176,292,509,805,1186,1453,1344,975,590,331,183,114,89,93,113,157,237,383,642,963,1271,1360,1209,801,430,254,142,97,104,121,162,240,421,691,1018,1322,1378,1129,774,466,233,130,88,75,75,96,153,300,485,770,1126,1395,1325,1001,640,366,201,104,64,67,86,148,244,412,681,1090,1368,1376,1088,719,414,233,133,88,68,84,119,170,301,516,803,1105,1379,1358,1001,641,361,213,126,96,97,119,179,268,480,787,1178,1326,1328,1007,599,370,240,163,126,110,145,199,330,532,826,1174,1413,1291,912,529,307,180,119,113,106,140,223,303,515,820,2,Inf
10,20,51,117,212,422,731,1153,1455,1424,1144,665,332,165,92,60,67,79,114,193,367,624,983,1285,1348,1203,824,517,260,171,119,129,144,185,282,462,711,992,1265,1318,1022,647,395,251,179,145,157,146,223,367,580,848,1208,1360,1245,901,541,299,174,117,118,140,175,262,409,665,1002,1382,1369,1124,717,412,239,164,120,100,123,160,253,416,698,1011,1299,1368,1100,751,430,248,154,121,107,128,192,300,501,742,1068,1354,1300,1047,653,382,228,121,89,94,113,153,236,388,617,972,1290,1409,1174,761,483,281,175,129,90,127,173,269,408,629,953,1257,1335,1107,780,482,295,182,123,116,139,189,295,470,752,1031,1240,1282,1049,701,395,205,124,108,94,112,141,239,394,637,970,1257,1416,1201,763,436,236,158,106,90,96,130,226,381,668,1012,1346,1435,1196,765,405,211,138,87,73,80,117,180,322,523,837,1176,1393,1305,972,579,297,190,129,92,87,105,167,262,439,720,1071,1352,1384,1085,675,368,183,125,87,70,74,113,166,288,459,793,1181,1451,1378,991,613,317,151,112,72,79,96,152,246,431,720,1150,1466,1454,1078,648,332,156,91,65,53,65,79,128,225,378,617,927,1302,1470,1233,805,448,262,144,95,91,97,125,202,332,543,838,1177,1395,1329,951,588,310,182,114,81,82,107,163,266,469,776,1199,1426,1439,1001,600,308,163,100,82,84,112,157,255,415,692,1018,1326,1423,1141,719,434,262,137,89,73,66,88,127,221,412,721,1121,1391,1433,1151,723,404,192,98,74,62,75,103,153,261,458,794,1223,1543,1435,1054,559,281,123,65,52,54,79,122,209,368,646,1003,1357,1423,1228,799,426,243,150,103,100,112,155,226,383,662,1000,1244,1340,1192,799,491,284,179,127,114,118,137,197,350,575,895,1234,1402,1263,912,554,280,139,87,75,88,132,221,355,640,959,1326,1402,1178,773,450,270,165,120,109,119,153,253,406,663,960,1260,1335,1167,796,464,255,142,102,87,104,159,248,400,650,992,1261,1350,1202,782,434,260,157,113,121,129,189,264,424,632,929,1196,1292,1172,803,480,238,163,121,125,144,231,333,487,710,1048,1305,1226,1013,687,392,220,148,117,111,123,181,306,532,862,1226,1407,1268,947,530,283,151,106,85,85,113,168,301,517,857,1248,1515,1390,920,508,276,147,95,78,76,90,147,256,454,721,1082,1397,1415,1096,700,391,166,86,70,73,86,129,205,343,593,945,1300,1418,1230,851,494,258,153,95,76,90,125,178,308,537,866,1298,1502,1288,931,532,270,163,104,87,87,115,176,279,459,732,1133,1398,1360,1055,635,353,195,119,81,78,90,124,197,331,575,916,1268,1425,1290,890,478,291,130,88,69,80,97,164,261,432,729,1102,1446,1422,1063,643,367,171,107,89,78,92,155,237,401,645,1029,1351,1392,1163,767,419,213,116,68,54,59,86,128,226,390,704,1070,1430,1478,1153,747,360,184,97,54,41,50,72,120,210,376,663,1053,1445,1481,1147,731,401,206,110,72,65,78,104,176,339,577,950,1327,1479,1282,834,477,217,109,74,62,59,76,124,233,392,696,1067,1406,1500,1178,690,370,175,97,57,56,76,130,214,350,607,958,1297,1465,1232,839,471,250,132,75,62,88,113,167,266,444,723,1089,1378,1390,1154,677,365,198,116,80,76,82,121,186,294,501,817,1232,1467,1345,974,546,299,170,96,86,85,116,155,236,422,729,1090,1351,1437,1122,683,396,199,111,81,93,95,135,213,339,562,891,1252,1461,1334,918,473,256,158,114,99,94,113,204,327,556,899,1283,1486,1272,914,484,251,153,101,70,54,69,134,231,440,748,1115,1417,1411,1116,662,330,180,103,79,72,86,116,198,352,568,917,1289,1509,1347,871,446,219,118,73,63,49,64,108,245,476,793,1100,1363,1405,1027,657,345,185,118,90,93,94,150,239,362,614,974,1309,1428,1221,789,461,253,143,93,74,82,116,170,272,464,763,1132,1364,1350,1045,618,345,187,120,86,101,124,190,307,489,809,1124,1333,1309,954,589,301,178,119,115,132,160,212,342,560,851,1133,1358,1239,909,552,309,178,110,79,70,88,150,259,423,665,1014,1336,1403,1182,723,433,247,145,110,92,96,147,263,421,691,1016,1277,1368,1163,750,444,278,182,113,92,107,166,244,376,601,926,1273,1402,1162,830,476,281,167,107,91,99,135,192,315,527,885,1242,1447,1296,881,481,249,159,101,80,81,111,179,316,542,892,1213,1439,1321,911,552,285,143,97,82,83,115,159,247,374,613,951,1243,1372,1192,827,457,273,154,105,94,96,117,203,339,542,785,1155,1380,1340,968,601,320,174,106,86,89,95,131,228,388,691,1055,1333,1419,1113,696,426,232,122,79,65,73,130,198,333,544,862,1252,1486,1360,911,505,257,154,88,82,87,121,208,345,578,929,3,Inf
10,24,59,119,232,453,765,1217,1562,1467,1051,620,309,147,91,67,74,100,145,253,439,758,1193,1495,1414,1074,603,311,164,91,63,59,67,100,165,325,552,918,1331,1502,1278,855,465,238,147,120,80,85,117,201,354,657,997,1303,1406,1172,824,465,244,156,116,105,112,153,217,379,618,936,1280,1438,1201,800,483,286,146,90,93,93,122,217,401,634,977,1325,1438,1207,796,410,210,137,105,77,99,149,232,391,668,1028,1370,1438,1105,779,422,206,141,104,103,128,159,233,399,701,1036,1292,1366,1156,758,453,235,135,108,103,128,178,294,471,740,1089,1396,1433,1068,619,339,177,97,67,67,91,131,226,406,737,1094,1399,1408,1127,723,380,195,115,79,69,75,92,140,258,488,808,1172,1445,1390,1032,606,332,184,102,94,100,114,151,252,392,655,941,1242,1353,1155,813,488,266,163,108,107,116,150,237,404,675,1007,1340,1392,1134,679,422,237,159,120,122,111,153,244,398,678,1036,1373,1414,1139,759,435,221,124,100,97,118,195,244,400,635,916,1315,1428,1190,775,426,260,166,126,110,125,183,284,482,770,1062,1314,1380,1076,667,359,192,144,105,104,140,203,320,500,802,1107,1339,1290,993,601,349,204,129,103,108,141,225,355,588,898,1188,1445,1266,891,480,274,149,104,80,83,117,177,300,528,857,1223,1418,1304,947,543,330,196,113,84,83,118,170,304,526,856,1206,1423,1298,945,568,289,157,114,89,91,99,134,225,412,693,1078,1431,1466,1157,722,378,186,104,89,77,109,183,272,460,772,1138,1368,1340,1014,641,349,202,122,101,89,95,144,214,346,612,959,1317,1480,1241,836,439,214,123,78,65,61,95,127,224,434,774,1148,1427,1445,1112,644,331,188,111,77,61,63,114,184,304,563,980,1348,1545,1318,794,424,224,118,73,59,53,71,113,202,378,617,989,1386,1501,1260,798,434,220,120,74,65,60,107,173,304,518,873,1231,1466,1364,1037,577,281,149,91,61,55,83,134,245,420,674,1060,1385,1424,1106,723,395,227,131,62,64,86,131,225,378,656,992,1427,1452,1185,744,427,241,139,83,62,68,101,168,292,523,886,1239,1475,1337,913,515,261,132,79,72,87,107,164,280,512,885,1287,1518,1393,911,520,263,144,87,74,77,110,184,322,549,869,1264,1480,1335,911,485,272,150,99,75,85,145,223,372,615,957,1277,1418,1227,865,499,251,138,93,69,69,106,164,258,490,844,1250,1507,1379,929,527,294,168,111,70,83,111,172,267,475,769,1215,1495,1367,1005,616,315,154,97,72,65,74,124,198,371,615,989,1358,1469,1200,776,450,244,136,76,66,70,80,124,215,371,606,941,1320,1393,1177,840,498,261,155,112,85,92,125,201,358,535,840,1197,1415,1300,876,537,291,159,106,82,89,104,149,276,451,743,1120,1354,1387,1019,624,385,218,145,107,109,128,200,317,523,804,1172,1348,1286,986,629,357,209,124,100,108,129,186,291,518,828,1161,1325,1302,965,605,350,193,142,114,117,152,213,328,578,895,1215,1375,1272,900,513,276,178,111,93,108,161,245,396,637,938,1304,1367,1202,784,455,252,163,127,108,120,179,285,429,773,1112,1340,1306,989,654,386,205,141,115,130,166,266,407,618,953,1306,1382,1129,762,493,275,176,128,110,98,140,197,342,570,844,1136,1288,1207,925,618,354,206,144,117,123,179,212,344,538,846,1159,1320,1224,904,580,342,211,131,105,115,144,185,311,499,758,1133,1348,1320,1017,614,340,190,135,103,99,123,201,319,502,803,1128,1342,1324,955,520,317,224,139,113,103,143,214,357,604,926,1248,1371,1231,840,464,229,162,117,102,101,139,211,335,566,927,1305,1415,1192,829,508,292,154,115,113,120,177,254,427,702,1039,1333,1370,1096,733,418,238,144,114,106,128,169,267,452,687,1003,1347,1346,1086,728,426,246,156,116,82,106,154,215,362,636,1004,1292,1406,1205,795,437,226,119,89,75,79,106,182,297,528,833,1184,1383,1317,987,556,334,191,109,76,77,97,163,246,429,686,1002,1342,1383,1165,730,440,260,153,125,113,130,181,252,418,654,1037,1300,1348,1086,736,431,239,130,93,95,101,149,225,349,579,949,1284,1449,1316,832,450,253,129,79,73,88,116,192,348,559,893,1301,1485,1265,867,468,253,137,102,69,72,100,152,263,447,697,1021,1336,1408,1152,727,385,228,147,110,94,89,123,185,332,587,889,1254,1467,1277,879,492,256,154,98,83,92,124,196,348,622,1000,1362,1550,1244,795,427,207,109,75,54,50,86,143,266,445,765,1182,1465,1392,1062,659,333,158,109,96,93,118,175,284,477,722,1078,1338,1350,1107,683,369,189,104,87,65,87,112,169,322,570,936,1355,1468,1268,831,466,255,142,97,88,91,119,192,331,548,848,1244,1462,1323,952,556,300,141,82,41,4,Inf
10,24,50,99,172,336,593,977,1372,1502,1252,822,428,233,116,70,62,61,80,133,217,385,657,989,1316,1445,1202,815,451,245,137,87,74,80,98,153,249,422,714,1080,1371,1334,1101,702,423,244,142,94,92,113,156,234,406,659,998,1273,1364,1180,801,446,253,146,103,98,95,117,195,355,585,909,1271,1422,1241,896,545,295,160,97,112,112,148,216,344,561,852,1232,1397,1246,894,557,318,162,103,95,88,119,195,303,514,785,1095,1380,1359,1020,591,369,201,144,127,118,159,234,341,568,895,1214,1374,1233,846,513,323,210,145,112,117,165,239,425,642,955,1267,1367,1151,808,507,260,148,86,83,82,106,179,305,485,785,1165,1410,1376,988,649,326,180,123,91,100,94,148,246,437,718,1063,1331,1388,1100,717,423,235,128,109,118,144,213,317,515,809,1126,1356,1337,1024,626,330,194,131,91,93,115,156,250,392,683,1074,1341,1397,1147,734,420,199,111,61,42,44,69,111,201,359,664,1049,1417,1500,1188,801,414,207,116,79,62,73,106,191,363,600,969,1355,1447,1255,830,447,248,139,94,76,62,82,143,230,397,680,1035,1325,1442,1160,761,433,223,119,94,97,121,177,302,502,805,1218,1405,1349,967,582,325,176,107,71,69,100,144,245,372,603,968,1287,1430,1205,808,467,241,143,96,85,86,123,200,348,590,888,1205,1410,1264,902,558,343,205,116,93,94,116,185,285,463,763,1071,1369,1356,1077,613,357,204,123,107,90,100,154,246,412,634,967,1282,1393,1202,773,495,273,149,98,90,103,143,232,400,631,950,1297,1504,1195,772,398,232,129,89,77,75,110,181,299,501,829,1224,1464,1393,985,563,283,152,71,58,56,62,98,166,303,540,888,1242,1486,1276,910,519,272,156,97,76,83,101,180,310,537,807,1080,1303,1340,1097,641,347,188,127,97,101,113,169,271,438,724,1045,1318,1308,1119,710,430,244,153,121,100,104,150,241,425,697,1029,1315,1302,1055,701,441,285,179,118,114,120,196,275,458,709,1022,1365,1328,1032,694,403,227,145,109,96,95,127,216,400,657,1012,1332,1381,1153,777,444,235,148,104,92,98,123,203,373,621,966,1270,1422,1231,796,430,221,126,83,68,86,135,200,353,610,990,1314,1470,1232,782,438,232,129,76,70,75,112,171,285,499,803,1213,1436,1425,990,576,285,161,94,71,63,89,150,224,415,686,1061,1383,1435,1088,702,384,216,135,108,101,107,154,265,449,726,1066,1382,1389,1115,704,370,178,100,79,73,82,105,171,286,495,798,1186,1397,1349,986,581,332,196,124,88,92,123,188,296,495,774,1144,1382,1321,992,594,365,215,134,96,96,125,184,291,484,762,1120,1370,1350,1007,646,342,197,121,97,94,111,185,299,543,844,1195,1393,1302,931,550,306,195,138,116,130,149,240,376,592,898,1192,1358,1177,878,529,270,152,101,91,90,106,147,239,435,692,1084,1392,1413,1122,666,334,178,96,85,67,79,123,198,318,596,979,1313,1538,1281,835,485,253,137,97,80,77,101,152,261,437,723,1117,1393,1437,1100,678,378,202,122,72,65,76,118,192,320,533,851,1196,1409,1301,887,535,294,188,128,103,102,132,211,321,571,903,1184,1376,1172,911,572,314,186,121,117,129,168,229,340,561,865,1142,1339,1200,889,546,333,178,151,143,149,189,283,413,622,916,1203,1332,1142,790,494,301,197,143,125,152,203,303,471,721,1073,1347,1294,1055,687,412,235,148,84,90,99,137,246,430,681,1032,1302,1414,1121,688,392,194,130,100,101,120,168,277,470,775,1103,1332,1366,1098,662,353,198,131,95,89,92,152,251,452,748,1107,1425,1421,1105,685,355,223,118,73,87,92,134,202,348,617,993,1321,1411,1254,835,493,253,129,83,70,87,91,145,247,421,705,1100,1429,1399,1067,656,377,221,142,100,99,118,162,280,461,718,1082,1367,1364,1061,666,375,200,138,108,97,122,166,266,444,751,1127,1428,1367,1015,611,378,219,131,109,90,116,164,231,370,592,948,1287,1433,1176,836,520,264,133,82,68,78,106,142,248,395,667,1018,1343,1424,1143,748,410,217,115,82,88,96,133,212,365,594,945,1323,1440,1201,790,467,233,160,104,83,109,143,235,387,643,962,1263,1341,1097,761,480,294,187,119,120,134,199,284,442,710,1014,1263,1308,1067,753,441,260,170,124,106,108,141,220,405,653,1039,1361,1438,1213,747,395,192,116,76,63,76,107,156,285,548,931,1283,1465,1309,914,534,308,156,98,78,95,148,222,408,630,990,1291,1427,1189,781,442,261,128,94,78,68,100,151,234,393,649,1067,1382,1440,1184,740,384,175,106,70,59,72,115,186,338,607,974,1344,1505,1248,819,439,213,100,68,63,55,93,165,300,521,820,1244,1473,1369,986,559,292,177,101,71,63,95,139,251,417,726,1142,1475,1433,5,Inf
